run_at,rank,id,symbol,score,fund,mom,risk,mcap,vol,rs30,rs7,mc_fdv,tvl,fees30,track,warn
2026-09-23,1,thorchain,RUNE,68,31,37,0,208683629.0,30985129.0,23.5,16.6,0.929,66160007.0,1420737.0,펀더멘털,
2026-09-23,2,lido-dao,LDO,64,40,24,0,359962632.0,61869913.0,-2.7,14.7,0.834,26947832871.0,47481698.0,펀더멘털,
2026-09-23,3,starknet,STRK,62,25,40,-3,307441906.0,54157216.0,36.7,43.8,0.735,238948530.0,,펀더멘털,
2026-09-23,4,blockstack,STX,46,12,34,0,624731758.0,34919721.0,33.0,29.3,1.0,279146.0,,펀더멘털,
2026-09-23,5,eigenlayer,EIGEN,45,28,24,-7,230038418.0,35513700.0,-2.9,15.4,0.502,7226320044.0,220471.0,펀더멘털,물량 부담: FDV 대비 50%
2026-09-23,6,1inch,1INCH,44,12,32,0,144765824.0,30231431.0,0.9,4.4,0.937,3539387.0,,펀더멘털,
2026-09-23,7,celestia,TIA,43,3,40,0,490436030.0,115303941.0,21.6,40.9,0.825,,2419.0,펀더멘털,
2026-09-23,8,sonic-3,S,43,3,40,0,163812515.0,72810448.0,41.1,53.6,1.0,,3666.0,펀더멘털,
2026-09-23,9,polygon-ecosystem-token,POL,42,21,21,0,1165593491.0,82791013.0,-11.3,2.9,1.0,2938038599.0,,펀더멘털,
2026-09-23,10,zama,ZAMA,42,22,32,-12,247682512.0,79185099.0,62.6,99.0,0.217,83145899.0,,펀더멘털,희석 위험: 유통 시총이 FDV의 22%
2026-09-23,11,avalanche-2,AVAX,40,3,37,0,4886064166.0,641358519.0,35.1,38.8,0.943,,166511.0,펀더멘털,
2026-09-23,12,render-token,RENDER,40,3,37,0,949303280.0,82112334.0,10.3,25.1,0.972,,213195.0,펀더멘털,
2026-09-23,13,aptos,APT,40,3,40,-3,711167987.0,172422611.0,16.7,34.8,0.72,,101451.0,펀더멘털,
2026-09-23,14,sei-network,SEI,40,3,40,-3,408915319.0,108264115.0,16.0,31.0,0.673,,1031.0,펀더멘털,
2026-09-23,15,jupiter-exchange-solana,JUP,39,9,37,-7,986602283.0,88546775.0,27.2,24.5,0.484,,4290645.0,펀더멘털,물량 부담: FDV 대비 48%
2026-09-23,16,bitcoin-cash,BCH,100,0,40,0,6834318829.0,1369966303.0,13.5,43.4,1.0,,,내러티브,
2026-09-23,17,dash,DASH,100,0,40,0,807580405.0,224693843.0,40.4,13.0,1.0,,,내러티브,
2026-09-23,18,injective-protocol,INJ,100,0,40,0,772897241.0,183362354.0,39.1,33.8,1.0,,,내러티브,
2026-09-23,19,fetch-ai,FET,100,0,40,0,477072862.0,141310587.0,14.1,23.9,0.852,,,내러티브,
2026-09-23,20,dogwifcoin,WIF,100,0,40,0,248783401.0,180093375.0,13.6,27.5,1.0,,,내러티브,
2026-09-23,1,lido-dao,LDO,73.1,40,33.1,0,360167810.0,61572259.0,-1.1,15.7,0.834,26947832871.0,47481698.0,펀더멘털,
2026-09-23,2,thorchain,RUNE,68.3,31,37.3,0,208896360.0,30983797.0,22.9,16.2,0.929,66160007.0,1420737.0,펀더멘털,
2026-09-23,3,starknet,STRK,60.1,25,38.1,-3,307595093.0,54216925.0,38.5,44.7,0.735,238948530.0,,펀더멘털,
2026-09-23,4,eigenlayer,EIGEN,52.9,28,31.9,-7,230315346.0,34841594.0,-2.1,16.5,0.502,7226320044.0,220471.0,펀더멘털,물량 부담: FDV 대비 50%
2026-09-23,5,blockstack,STX,50.7,19,31.7,0,624304795.0,35181228.0,37.8,27.4,1.0,90515170.0,,펀더멘털,
2026-09-23,6,sonic-3,S,49.9,12,37.9,0,163870588.0,72140691.0,39.6,50.9,1.0,18436214.0,3666.0,펀더멘털,
2026-09-23,7,avalanche-2,AVAX,48.7,12,36.7,0,4886661518.0,638111220.0,35.1,38.7,0.943,643963824.0,166511.0,펀더멘털,
2026-09-23,8,floki,FLOKI,45.0,12,33.0,0,288758019.0,52101785.0,-1.5,15.2,1.74,14166787.0,,펀더멘털,
2026-09-23,9,optimism,OP,43.2,15,35.2,-7,305723414.0,124875618.0,8.3,28.1,0.535,486199000.0,,펀더멘털,물량 부담: FDV 대비 54%
2026-09-23,10,polygon-ecosystem-token,POL,43.1,21,22.1,0,1165231311.0,82656751.0,-9.8,3.3,1.0,2938038599.0,,펀더멘털,
2026-09-23,11,1inch,1INCH,42.9,12,30.9,0,144837441.0,30375326.0,1.6,4.4,0.937,3539387.0,,펀더멘털,
2026-09-23,12,aptos,APT,42.4,8,37.4,-3,708914295.0,170544965.0,18.2,36.4,0.72,57623442.0,101451.0,펀더멘털,
2026-09-23,13,sei-network,SEI,42.2,8,37.2,-3,412486239.0,107749779.0,17.2,31.9,0.673,35142032.0,1031.0,펀더멘털,
2026-09-23,14,aave,AAVE,41.9,14,27.9,0,2271008653.0,290730848.0,-5.9,6.5,0.964,114631998.0,318841.0,펀더멘털,
2026-09-23,15,celestia,TIA,41.5,3,38.5,0,492929466.0,115259037.0,23.3,42.1,0.825,,2419.0,펀더멘털,
2026-09-23,16,zencash,ZEN,96.8,0,38.7,0,149845548.0,34548034.0,35.8,17.7,0.873,,,내러티브,
2026-09-23,17,fetch-ai,FET,91.5,0,36.6,0,477340408.0,139546560.0,14.6,22.6,0.852,,,내러티브,
2026-09-23,18,dogwifcoin,WIF,90.5,0,36.2,0,249461786.0,179261612.0,13.0,26.6,1.0,,,내러티브,
2026-09-23,19,pepe,PEPE,88.2,0,35.3,0,2048173064.0,817800765.0,8.9,30.7,1.0,,,내러티브,
2026-09-23,20,ethena,ENA,87.5,0,38.0,-3,2158887487.0,513410069.0,21.1,41.2,0.673,,,내러티브,
2026-09-28,1,lido-dao,LDO,74.4,36,38.4,0,408902307.0,59593554.0,28.6,14.1,0.83,26274131566.0,48379610.0,펀더멘털,
2026-09-28,2,thorchain,RUNE,69.6,34,35.6,0,246543277.0,167883332.0,49.8,29.6,0.928,71369249.0,2554466.0,펀더멘털,
2026-09-28,3,eigenlayer,EIGEN,54.2,24,37.2,-7,256656435.0,33949931.0,33.3,13.0,0.502,7005595917.0,166935.0,펀더멘털,물량 부담: FDV 대비 50%
2026-09-28,4,convex-finance,CVX,52.7,33,22.7,-3,204726176.0,14454870.0,-12.5,5.9,0.932,601307228.0,2396252.0,펀더멘털,거래량 얇음
2026-09-28,5,polygon-ecosystem-token,POL,49.1,21,28.1,0,1300202173.0,98338347.0,4.8,8.4,1.0,2954098717.0,,펀더멘털,
2026-09-28,6,plasma,XPL,48.6,18,37.6,-7,483972118.0,128971676.0,19.1,16.9,0.453,547319306.0,16732.0,펀더멘털,물량 부담: FDV 대비 45%
2026-09-28,7,aave,AAVE,43.9,11,32.9,0,2368108817.0,259662881.0,17.7,8.1,0.964,112841903.0,328547.0,펀더멘털,
2026-09-28,8,optimism,OP,42.4,15,34.4,-7,337815092.0,60159592.0,55.1,14.0,0.535,476830594.0,,펀더멘털,물량 부담: FDV 대비 54%
2026-09-28,9,sonic-3,S,41.6,12,32.6,-3,155740768.0,25931254.0,26.4,-3.3,1.0,17893840.0,4160.0,펀더멘털,펀더멘털 데이터 빈약(사실상 모멘텀 종목); 거래량 얇음
2026-09-28,10,sui,SUI,37.8,12,32.8,-7,5203064301.0,1273295854.0,62.6,37.8,0.41,563709671.0,223738.0,펀더멘털,물량 부담: FDV 대비 41%
2026-09-28,11,litecoin,LTC,37.7,5,32.7,0,5459460772.0,330393872.0,34.2,15.8,1.0,1139138.0,13652.0,펀더멘털,펀더멘털 데이터 빈약(사실상 모멘텀 종목)
2026-09-28,12,avalanche-2,AVAX,37.7,12,25.7,0,4828068871.0,558306608.0,40.5,-7.7,0.943,626517086.0,263551.0,펀더멘털,
2026-09-28,13,render-token,RENDER,37.7,3,34.7,0,1058983155.0,92836565.0,32.6,13.8,0.972,,228029.0,펀더멘털,
2026-09-28,14,apecoin,APE,37.6,2,35.6,0,162880442.0,35441183.0,10.1,14.4,1.0,3195219.0,,펀더멘털,펀더멘털 데이터 빈약(사실상 모멘텀 종목)
2026-09-28,15,celestia,TIA,37.5,3,34.5,0,486085707.0,50723991.0,37.8,15.4,0.827,,2549.0,펀더멘털,펀더멘털 데이터 빈약(사실상 모멘텀 종목)
2026-09-28,16,orca,ORCA,99.8,0,39.9,0,106311213.0,34867837.0,29.4,17.6,0.811,,,내러티브,
2026-09-28,17,bonk,BONK,91.5,0,36.6,0,328109167.0,51706958.0,17.2,20.6,1.0,,,내러티브,
2026-09-28,18,dogwifcoin,WIF,89.5,0,35.8,0,243000380.0,58551569.0,11.0,16.6,1.0,,,내러티브,
2026-09-28,19,jasmycoin,JASMY,88.8,0,35.5,0,266356143.0,55556547.0,9.7,27.1,0.989,,,내러티브,
2026-09-28,20,the-sandbox,SAND,85.8,0,34.3,0,133196475.0,21562659549.0,7.6,8.5,0.979,,,내러티브,
