run_at,rank7,sector,category,stage,rs7,rs30,breadth,vol_mcap,leader,lrs7,lrs30,frs7,btc7,btc30
2026-09-29,1,RWA,real-world-assets-rwa,확산 (후발주 추격),22.31,23.23,0.867,8.69,FIGR_HELOC,1.84,-6.21,3.23,-2.9,6.44
2026-09-29,2,DePIN,depin,확산 (후발주 추격),6.93,29.78,0.733,10.11,TAO,-1.45,21.44,6.43,-2.9,6.44
2026-09-29,3,AI,artificial-intelligence,확산 (후발주 추격),5.79,86.46,0.667,13.92,NEAR,8.65,141.29,8.78,-2.9,6.44
2026-09-29,4,DeFi,decentralized-finance-defi,확산 (후발주 추격),5.29,15.49,0.667,8.6,HYPE,-3.33,-1.25,9.3,-2.9,6.44
2026-09-29,5,AI 에이전트,ai-agents,확산 (후발주 추격),4.76,34.34,0.667,12.98,VVV,-8.22,58.93,9.17,-2.9,6.44
2026-09-29,6,게임,gaming,확산 (후발주 추격),3.98,10.1,0.8,864.26,FLOKI,-6.88,-0.93,3.97,-2.9,6.44
2026-09-29,7,Layer 2,layer-2,상대 강세,1.29,32.9,0.533,8.69,OKB,-0.35,-3.05,3.83,-2.9,6.44
2026-09-29,8,Layer 1,layer-1,확산 (후발주 추격),0.92,5.85,0.667,4.5,ETH,0.27,2.11,2.27,-2.9,6.44
2026-09-29,9,거래소 토큰,exchange-based-tokens,소외,-0.78,3.95,0.533,2.4,BNB,-1.2,2.51,0.88,-2.9,6.44
2026-09-29,10,무기한 선물 DEX,decentralized-perpetuals,소외,-2.03,6.79,0.6,5.45,HYPE,-3.33,-1.25,3.81,-2.9,6.44
2026-09-29,11,프라이버시,privacy-coins,조정 (순환 이탈 가능),-3.32,42.2,0.5,4.46,ZEC,-3.48,57.65,2.27,-2.9,6.44
2026-09-29,12,밈,meme-token,소외,-5.61,0.13,0.333,9.15,DOGE,-5.88,2.99,-5.58,-2.9,6.44
2026-09-30,1,RWA,real-world-assets-rwa,확산 (후발주 추격),23.35,28.46,0.933,5.74,FIGR_HELOC,3.08,-4.37,3.33,-3.26,7.36
2026-09-30,2,AI,artificial-intelligence,확산 (후발주 추격),8.01,100.72,0.6,13.06,NEAR,16.68,167.88,1.85,-3.26,7.36
2026-09-30,3,DePIN,depin,확산 (후발주 추격),7.26,34.36,0.667,8.27,TAO,-1.34,24.63,5.52,-3.26,7.36
2026-09-30,4,DeFi,decentralized-finance-defi,확산 (후발주 추격),6.64,24.79,0.733,7.02,HYPE,-8.05,0.32,13.9,-3.26,7.36
2026-09-30,5,Layer 2,layer-2,확산 (후발주 추격),2.69,38.83,0.6,9.31,OKB,1.73,1.14,1.47,-3.26,7.36
2026-09-30,6,게임,gaming,확산 (후발주 추격),2.66,14.73,0.667,848.12,FLOKI,-6.0,7.54,3.78,-3.26,7.36
2026-09-30,7,Layer 1,layer-1,소외,-0.02,7.75,0.533,4.2,ETH,0.29,3.18,0.28,-3.26,7.36
2026-09-30,8,AI 에이전트,ai-agents,조정 (순환 이탈 가능),-0.49,33.28,0.533,12.81,VVV,-11.59,53.21,3.03,-3.26,7.36
2026-09-30,9,거래소 토큰,exchange-based-tokens,소외,-0.5,5.69,0.667,2.17,BNB,-0.43,3.54,2.24,-3.26,7.36
2026-09-30,10,밈,meme-token,소외,-1.23,9.12,0.4,8.43,DOGE,-3.54,6.63,-2.28,-3.26,7.36
2026-09-30,11,무기한 선물 DEX,decentralized-perpetuals,소외,-5.6,9.25,0.667,4.68,HYPE,-8.05,0.32,3.23,-3.26,7.36
2026-09-30,12,프라이버시,privacy-coins,조정 (순환 이탈 가능),-7.33,44.8,0.375,3.88,ZEC,-9.39,62.77,-2.51,-3.26,7.36
2026-10-01,1,RWA,real-world-assets-rwa,확산 (후발주 추격),28.4,32.33,0.867,4.7,FIGR_HELOC,1.19,-3.66,1.16,-1.06,6.28
2026-10-01,2,AI,artificial-intelligence,확산 (후발주 추격),12.41,99.59,0.6,12.24,NEAR,23.14,169.27,7.44,-1.06,6.28
2026-10-01,3,DePIN,depin,확산 (후발주 추격),11.84,33.55,0.867,7.35,TAO,5.86,24.46,12.17,-1.06,6.28
2026-10-01,4,DeFi,decentralized-finance-defi,확산 (후발주 추격),8.82,22.96,0.8,7.21,HYPE,-3.42,0.4,15.16,-1.06,6.28
2026-10-01,5,Layer 2,layer-2,확산 (후발주 추격),8.42,36.61,0.733,9.11,OKB,2.84,1.9,8.85,-1.06,6.28
2026-10-01,6,게임,gaming,확산 (후발주 추격),8.18,16.95,0.933,9.33,AXS,12.67,22.13,5.24,-1.06,6.28
2026-10-01,7,AI 에이전트,ai-agents,확산 (후발주 추격),7.36,39.21,0.8,12.15,VVV,-8.61,56.92,10.39,-1.06,6.28
2026-10-01,8,밈,meme-token,확산 (후발주 추격),5.43,8.36,0.733,8.98,DOGE,3.04,7.86,3.11,-1.06,6.28
2026-10-01,9,거래소 토큰,exchange-based-tokens,확산 (후발주 추격),1.71,6.59,0.733,2.25,BNB,1.42,5.13,2.78,-1.06,6.28
2026-10-01,10,Layer 1,layer-1,확산 (후발주 추격),1.54,7.57,0.667,3.97,ETH,1.08,2.57,2.54,-1.06,6.28
2026-10-01,11,무기한 선물 DEX,decentralized-perpetuals,소외,-2.17,8.94,0.667,7.22,HYPE,-3.42,0.4,6.25,-1.06,6.28
2026-10-01,12,프라이버시,privacy-coins,조정 (순환 이탈 가능),-2.89,42.39,0.375,3.33,ZEC,-3.96,61.68,-0.42,-1.06,6.28
